{
    "loss": 8.153116226196289,
    "accuracy": 0.5467625856399536
}