{
    "loss": 9.27425765991211,
    "accuracy": 0.5179855823516846
}